date,close,pe_ttm,history_months,pe_percentile_10y
2011-08-31,3331.98,19.07,1,
2011-09-29,2981.47,17.38,2,
2011-10-31,3100.44,18.14,3,
2011-11-30,2929.29,13.98,4,
2011-12-30,2629.35,13.0,5,
2012-03-23,2887.5,14.04,6,
2012-04-27,2926.84,14.49,7,
2012-05-31,2957.27,14.53,8,
2012-06-29,2767.83,13.68,9,
2012-07-31,2580.4,13.09,10,
2012-08-31,2504.76,12.48,11,
2012-09-28,2574.14,12.75,12,
2012-10-31,2542.54,12.51,13,
2012-11-30,2346.83,11.76,14,
2012-12-31,2749.85,13.57,15,
2013-01-31,2926.96,14.45,16,
2013-02-28,2965.17,14.52,17,
2013-03-29,2807.68,13.8,18,
2013-04-26,2747.91,13.47,19,
2013-05-31,3017.23,13.76,20,
2013-06-28,2557.2,11.57,21,
2013-07-31,2632.49,12.19,22,
2013-08-30,2799.24,13.05,23,
2013-09-30,2942.85,13.2,24,
2013-10-31,2865.65,12.89,25,
2013-11-29,3008.75,13.02,26,
2013-12-31,2893.21,12.64,27,
2014-01-30,2856.84,12.51,28,
2014-02-28,2877.26,12.63,29,
2014-03-31,2801.24,12.37,30,
2014-04-30,2782.73,12.28,31,
2014-05-30,2812.16,12.13,32,
2014-06-30,2875.34,12.41,33,
2014-07-31,3089.05,13.27,34,
2014-08-29,3163.42,13.55,35,
2014-09-30,3444.72,14.18,36,79.17
2014-10-31,3510.72,14.48,37,82.43
2014-11-28,3801.61,15.35,38,90.79
2014-12-31,4219.0,17.67,39,93.59
2015-01-30,4287.84,18.09,40,93.75
2015-02-27,4540.14,19.05,41,96.34
2015-03-31,5335.49,22.02,42,98.81
2015-04-30,6258.61,25.83,43,98.84
2015-05-29,7047.31,28.41,44,98.86
2015-06-30,6374.83,25.87,45,96.67
2015-07-31,5380.01,21.59,46,90.22
2015-08-31,4684.96,18.7,47,84.04
2015-09-30,4460.1,17.59,48,76.04
2015-10-30,5090.64,19.72,49,88.78
2015-11-30,5330.91,21.23,50,89.0
2015-12-31,5592.64,22.82,51,93.14
2016-01-29,4154.91,17.27,52,68.27
2016-02-29,4056.61,16.89,53,66.98
2016-03-31,4650.48,19.25,54,84.26
2016-04-29,4564.67,18.77,55,79.09
2016-05-31,4532.85,18.6,56,75.89
2016-06-30,4650.62,18.6,57,75.44
2016-07-29,4652.71,18.52,58,73.28
2016-08-31,4840.0,19.23,59,83.9
2016-09-30,4757.4,20.23,60,87.5
2016-10-31,4887.24,20.74,61,87.7
2016-11-30,5068.87,21.44,62,89.52
2016-12-30,4786.98,20.68,63,84.92
2017-01-26,4770.43,20.85,64,86.72
2017-02-28,4906.27,21.46,65,90.0
2017-03-31,4863.51,21.3,66,87.12
2017-04-28,4718.13,20.65,67,79.85
2017-05-31,4572.15,19.0,68,69.85
2017-06-30,4772.14,19.64,69,76.09
2017-07-31,4823.0,19.64,70,75.71
2017-08-31,4947.92,20.14,71,78.17
2017-09-29,5002.55,20.69,72,82.64
2017-10-31,5062.09,20.98,73,85.62
2017-11-30,4913.7,19.53,74,70.95
2017-12-29,4898.9,19.86,75,75.33
2018-01-31,4974.35,20.49,76,78.29
2018-02-28,4739.07,19.48,77,68.18
2018-03-30,4731.03,19.32,78,67.31
2018-04-27,4548.42,18.64,79,57.59
2018-05-31,4533.67,17.17,80,45.62
2018-06-29,4127.95,15.7,81,43.83
2018-07-31,4114.43,15.51,82,43.29
2018-08-31,3842.14,14.54,83,41.57
2018-09-28,3890.83,14.77,84,42.26
2018-10-31,3527.42,13.48,85,25.29
2018-11-30,3606.1,13.34,86,23.84
2018-12-28,3432.38,12.94,87,16.67
2019-01-31,3523.62,13.32,88,24.43
2019-02-28,4153.51,15.44,89,46.63
2019-03-29,4487.72,16.46,90,49.44
2019-04-30,4422.49,16.22,91,48.9
2019-05-31,4123.51,15.87,92,48.37
2019-06-28,4244.08,16.31,93,50.0
2019-07-31,4214.72,16.12,94,48.4
2019-08-30,4184.78,15.98,95,47.89
2019-09-30,4214.4,15.34,96,42.19
2019-10-31,4253.92,15.54,97,45.88
2019-11-29,4186.18,15.01,98,41.33
2019-12-31,4500.13,16.24,99,52.02
2020-01-23,4488.97,16.17,100,50.5
2020-02-28,4493.0,16.05,101,49.01
2020-03-31,4202.25,15.15,102,40.69
2020-04-30,4426.34,15.92,103,48.06
2020-05-29,4439.09,16.33,104,55.29
2020-06-30,4792.71,17.28,105,59.52
2020-07-31,5409.46,19.32,106,75.47
2020-08-31,5525.21,19.77,107,80.84
2020-09-30,5189.36,19.02,108,69.91
2020-10-30,5241.17,19.25,109,73.39
2020-11-30,5450.5,19.29,110,74.09
2020-12-31,5621.73,20.31,111,84.23
2021-01-29,5615.57,20.44,112,84.38
2021-02-26,5617.67,20.39,113,83.63
2021-03-31,5433.7,19.82,114,79.39
2021-04-30,5544.26,20.08,115,80.43
2021-05-31,5809.37,18.31,116,59.05
2021-06-30,5834.19,18.65,117,62.82
2021-07-30,5607.75,17.71,118,56.36
2021-08-31,5759.26,18.21,119,58.4
2021-09-30,5723.46,17.33,120,52.92
2021-10-29,5740.29,17.29,120,52.92
2021-11-30,5891.45,17.32,120,53.75
2021-12-31,5969.8,17.94,120,57.92
2022-01-28,5405.91,16.35,120,47.92
2022-02-28,5554.68,16.78,120,48.75
2022-03-31,5134.62,15.55,120,37.08
2022-04-29,4647.02,14.28,120,25.42
2022-05-31,4901.99,14.76,120,29.58
2022-06-30,5350.83,15.98,120,40.0
2022-07-29,5174.98,15.34,120,31.67
2022-08-31,5017.15,14.93,120,28.75
2022-09-30,4631.68,13.85,120,21.25
2022-10-31,4500.13,13.34,120,15.0
2022-11-30,4857.84,14.43,120,22.92
2022-12-30,4756.62,14.28,120,21.67
2023-01-31,5112.41,15.26,120,30.42
2023-02-28,5115.27,15.3,120,30.42
2023-03-31,5074.03,15.2,120,28.75
2023-04-28,4998.81,15.08,120,27.08
2023-05-31,4814.79,14.77,120,24.17
2023-06-30,4859.89,14.94,120,25.42
2023-07-31,4959.94,15.15,120,27.5
2023-08-31,4672.31,14.33,120,17.92
2023-09-28,4621.41,14.21,120,15.42
2023-10-31,4515.15,13.78,120,12.92
2023-11-30,4522.11,13.79,120,12.92
2023-12-29,4421.96,13.7,120,11.25
2024-01-31,3874.62,12.42,120,3.75
2024-02-29,4251.41,13.56,120,10.42
2024-03-29,4310.67,13.74,120,11.25
2024-04-30,4353.88,13.98,120,13.75
2024-05-31,4288.11,15.25,120,28.75
2024-06-28,4039.97,14.56,120,19.58
2024-07-31,4020.58,14.36,120,16.25
2024-08-30,3854.74,13.86,120,10.42
2024-09-30,4706.77,16.6,120,47.92
2024-10-31,4794.14,16.4,120,46.25
2024-11-29,4845.9,16.23,120,42.08
2024-12-31,4750.67,16.29,120,43.75
2025-01-27,4632.67,15.92,120,36.67
2025-02-28,4847.41,16.33,120,46.67
2025-03-31,4826.86,16.39,120,48.75
2025-04-30,4666.8,15.9,120,36.25
2025-05-30,4764.6,15.78,120,35.42
2025-06-30,4954.23,16.18,120,43.75
2025-07-31,5168.75,16.56,120,53.75
2025-08-29,5723.95,18.15,120,64.58
2025-09-30,5875.46,19.03,120,72.92
2025-10-31,5866.65,19.12,120,73.75
2025-11-28,5732.77,18.7,120,70.42
2025-12-31,5919.12,18.86,120,72.08
2026-01-30,6259.18,19.69,120,83.75
2026-02-27,6398.46,20.02,120,86.25
2026-03-31,5842.34,18.65,120,68.33
2026-04-30,6342.26,19.96,120,85.42
2026-05-29,6368.84,19.14,120,73.75
2026-06-30,6551.62,19.34,120,77.92
2026-07-31,5681.24,17.54,120,60.42
2026-08-31,5969.33,18.27,120,64.58
2026-09-30,5648.25,17.28,120,57.5

